{
  "project_info": {
    "project_number": "1036178528667",
    "project_id": "capstoneproject-26e35",
    "storage_bucket": "capstoneproject-26e35.appspot.com"
  },
  "client": [
    {
      "client_info": {
        "mobilesdk_app_id": "1:1036178528667:android:18f9821466f0c443faa93e",
        "android_client_info": {
          "package_name": "com.betulgules.capstoneproject"
        }
      },
      "oauth_client": [],
      "api_key": [
        {
          "current_key": "AIzaSyAcuKTvvEePEPTDZJmwRbTZP727qbyB1p0"
        }
      ],
      "services": {
        "appinvite_service": {
          "other_platform_oauth_client": []
        }
      }
    }
  ],
  "configuration_version": "1"
}